antecedents,consequents,support,confidence,lift
ROSES REGENCY TEACUP AND SAUCER ,GREEN REGENCY TEACUP AND SAUCER,0.02009791987881739,0.703598484848485,27.87924157166521
GREEN REGENCY TEACUP AND SAUCER,ROSES REGENCY TEACUP AND SAUCER ,0.02009791987881739,0.7963558413719186,27.879241571665208
LOVE BUILDING BLOCK WORD,HOME BUILDING BLOCK WORD,0.021261056560902377,0.5292929292929293,10.686745113615675
RED HANGING HEART T-LIGHT HOLDER,WHITE HANGING HEART T-LIGHT HOLDER,0.031188292894046364,0.7069282648681791,5.346651191471299
SWEETHEART CERAMIC TRINKET BOX,STRAWBERRY CERAMIC TRINKET BOX,0.022099596959614814,0.6976942783945347,14.187601638045958
WOODEN FRAME ANTIQUE WHITE ,WOODEN PICTURE FRAME WHITE FINISH,0.026860342449078957,0.560067681895093,12.48802299878148
WOODEN PICTURE FRAME WHITE FINISH,WOODEN FRAME ANTIQUE WHITE ,0.026860342449078957,0.5989143546441495,12.48802299878148
